companies_id,product,company
fleischerei-stiefsohn_00000005219477-001,,
pecheries-basques_fra316541-00101,,
hoche-butter-gmbh_deu422723-693847001,,
hoche-butter-gmbh_deu422723-693847002,,
hoche-butter-gmbh_deu422723-693847003,,
vicquelin-espaces-verts_fra697272-00101,,
vicquelin-espaces-verts_fra697272-00102,,
vicquelin-espaces-verts_fra697272-00103,,
fleisohn_0000000492-001,,
bst-procontrol-gmbh_00000005104947-001,,
leider-gmbh_00000005064318-001,,
leider-gmbh_00000005064318-002,,
cheries-baqu_neu316541-00101,,
ca-coity-trg-aua-gmbh_00000384-001,,
